{"cameraMode":{"drawMode":0,"name":"Shaded","section":"Shading Mode"},"sceneLighting":true,"audioPlay":false,"sceneViewState":{"m_AlwaysRefresh":false,"showFog":true,"showSkybox":true,"showFlares":true,"showImageEffects":true,"showParticleSystems":true,"showVisualEffectGraphs":true,"m_FxEnabled":true},"in2DMode":false,"pivot":{"x":172.25096130371095,"y":4.443547248840332,"z":192.1741180419922},"rotation":{"x":0.011450610123574734,"y":0.9782004356384277,"z":-0.1996244341135025,"w":0.056113917380571368},"size":33.91366195678711,"orthographic":false}